headerdatestamp|headeridentifier|headersetSpec|metadata.mods.genre#text|metadata.mods.genre@authority|metadata.mods.identifier#text|metadata.mods.identifier@type|metadata.mods.language.languageTerm#text|metadata.mods.language.languageTerm@type|metadata.mods.location.url.0#text|metadata.mods.location.url.0@access|metadata.mods.location.url.0@usage|metadata.mods.location.url.1#text|metadata.mods.location.url.1@access|metadata.mods.note.0|metadata.mods.note.1|metadata.mods.note.2|metadata.mods.originInfo.0publisher|metadata.mods.originInfo.1dateOther|metadata.mods.originInfopublisher|metadata.mods.relatedItem.titleInfotitle|metadata.mods.relatedItem@type|metadata.mods.subjecttopic|metadata.mods.titleInfotitle|metadata.mods@version|metadata.mods@xmlns|metadata.mods@xmlns:xlink|metadata.mods@xmlns:xsi|metadata.mods@xsi:schemaLocation|metadata.modsaccessCondition|metadata.modstypeOfResource
2018-11-28T19:02:36Z|mugwump_1031|mugwump|text|dct|mugwump_vol5-iss7|local|Eng|text|https://digital.lib.utk.edu/collections/islandora/object/mugwump%3A1031|object in context|primary display|https://digital.lib.utk.edu/collections/islandora/object/mugwump%3A1031/datastream/TN/view|preview|1950- C. G. Maynatt and others.|University of Tennessee (Knoxville campus)|Publications by students|The University of Tennessee Libraries, Knoxville|1925-05|    |The University of Tennessee Libraries, Special Collections, Knoxville|original|American wit and humor -- Periodicals.|Mugwump|3.5|http://www.loc.gov/mods/v3|http://www.w3.org/1999/xlink|http://www.w3.org/2001/XMLSchema-instance|http://www.loc.gov/mods/v3 http://www.loc.gov/standards/mods/v3/mods-3-5.xsd|The copyright interests in this collection remain with the creator. For more information, contact Special Collections at special@utk.edu.|text
2018-11-28T19:02:36Z|mugwump_1064|mugwump|text|dct|mugwump_vol5-iss6|local|Eng|text|https://digital.lib.utk.edu/collections/islandora/object/mugwump%3A1064|object in context|primary display|https://digital.lib.utk.edu/collections/islandora/object/mugwump%3A1064/datastream/TN/view|preview|1949- C. G. Maynatt and others.|University of Tennessee (Knoxville campus)|Publications by students|The University of Tennessee Libraries, Knoxville|1925-04|    |The University of Tennessee Libraries, Special Collections, Knoxville|original|American wit and humor -- Periodicals.|Mugwump|3.5|http://www.loc.gov/mods/v3|http://www.w3.org/1999/xlink|http://www.w3.org/2001/XMLSchema-instance|http://www.loc.gov/mods/v3 http://www.loc.gov/standards/mods/v3/mods-3-5.xsd|The copyright interests in this collection remain with the creator. For more information, contact Special Collections at special@utk.edu.|text
2018-11-28T19:02:36Z|mugwump_1097|mugwump|text|dct|mugwump_vol5-iss5|local|Eng|text|https://digital.lib.utk.edu/collections/islandora/object/mugwump%3A1097|object in context|primary display|https://digital.lib.utk.edu/collections/islandora/object/mugwump%3A1097/datastream/TN/view|preview|1948- C. G. Maynatt and others.|University of Tennessee (Knoxville campus)|Publications by students|The University of Tennessee Libraries, Knoxville|1925-03|    |The University of Tennessee Libraries, Special Collections, Knoxville|original|American wit and humor -- Periodicals.|Mugwump|3.5|http://www.loc.gov/mods/v3|http://www.w3.org/1999/xlink|http://www.w3.org/2001/XMLSchema-instance|http://www.loc.gov/mods/v3 http://www.loc.gov/standards/mods/v3/mods-3-5.xsd|The copyright interests in this collection remain with the creator. For more information, contact Special Collections at special@utk.edu.|text
2018-11-28T19:02:36Z|mugwump_112|mugwump|text|dct|mugwump_vol1-iss5|local|Eng|text|https://digital.lib.utk.edu/collections/islandora/object/mugwump%3A112|object in context|primary display|https://digital.lib.utk.edu/collections/islandora/object/mugwump%3A112/datastream/TN/view|preview|1927- C. G. Maynatt and others.|University of Tennessee (Knoxville campus)|Publications by students|The University of Tennessee Libraries, Knoxville|1921-02-28|    |The University of Tennessee Libraries, Special Collections, Knoxville|original|American wit and humor -- Periodicals.|Mugwump|3.5|http://www.loc.gov/mods/v3|http://www.w3.org/1999/xlink|http://www.w3.org/2001/XMLSchema-instance|http://www.loc.gov/mods/v3 http://www.loc.gov/standards/mods/v3/mods-3-5.xsd|Public domain|text
2018-11-28T19:02:36Z|mugwump_1132|mugwump|text|dct|mugwump_vol5-iss4|local|Eng|text|https://digital.lib.utk.edu/collections/islandora/object/mugwump%3A1132|object in context|primary display|https://digital.lib.utk.edu/collections/islandora/object/mugwump%3A1132/datastream/TN/view|preview|1947- C. G. Maynatt and others.|University of Tennessee (Knoxville campus)|Publications by students|The University of Tennessee Libraries, Knoxville|1925-01|    |The University of Tennessee Libraries, Special Collections, Knoxville|original|American wit and humor -- Periodicals.|Mugwump|3.5|http://www.loc.gov/mods/v3|http://www.w3.org/1999/xlink|http://www.w3.org/2001/XMLSchema-instance|http://www.loc.gov/mods/v3 http://www.loc.gov/standards/mods/v3/mods-3-5.xsd|The copyright interests in this collection remain with the creator. For more information, contact Special Collections at special@utk.edu.|text
2018-11-28T19:02:36Z|mugwump_1165|mugwump|text|dct|mugwump_vol5-iss3|local|Eng|text|https://digital.lib.utk.edu/collections/islandora/object/mugwump%3A1165|object in context|primary display|https://digital.lib.utk.edu/collections/islandora/object/mugwump%3A1165/datastream/TN/view|preview|1946- C. G. Maynatt and others.|University of Tennessee (Knoxville campus)|Publications by students|The University of Tennessee Libraries, Knoxville|1924-12|    |The University of Tennessee Libraries, Special Collections, Knoxville|original|American wit and humor -- Periodicals.|Mugwump|3.5|http://www.loc.gov/mods/v3|http://www.w3.org/1999/xlink|http://www.w3.org/2001/XMLSchema-instance|http://www.loc.gov/mods/v3 http://www.loc.gov/standards/mods/v3/mods-3-5.xsd|The copyright interests in this collection remain with the creator. For more information, contact Special Collections at special@utk.edu.|text
2018-11-28T19:02:36Z|mugwump_1198|mugwump|text|dct|mugwump_vol5-iss2|local|Eng|text|https://digital.lib.utk.edu/collections/islandora/object/mugwump%3A1198|object in context|primary display|https://digital.lib.utk.edu/collections/islandora/object/mugwump%3A1198/datastream/TN/view|preview|1947- C. G. Maynatt and others.|University of Tennessee (Knoxville campus)|Publications by students|The University of Tennessee Libraries, Knoxville|1924-10|    |The University of Tennessee Libraries, Special Collections, Knoxville|original|American wit and humor -- Periodicals.|Mugwump|3.5|http://www.loc.gov/mods/v3|http://www.w3.org/1999/xlink|http://www.w3.org/2001/XMLSchema-instance|http://www.loc.gov/mods/v3 http://www.loc.gov/standards/mods/v3/mods-3-5.xsd|The copyright interests in this collection remain with the creator. For more information, contact Special Collections at special@utk.edu.|text
2018-11-28T19:02:36Z|mugwump_1231|mugwump|text|dct|mugwump_vol5-iss1|local|Eng|text|https://digital.lib.utk.edu/collections/islandora/object/mugwump%3A1231|object in context|primary display|https://digital.lib.utk.edu/collections/islandora/object/mugwump%3A1231/datastream/TN/view|preview|1951- C. G. Maynatt and others.|University of Tennessee (Knoxville campus)|Publications by students|The University of Tennessee Libraries, Knoxville|1924-10|    |The University of Tennessee Libraries, Special Collections, Knoxville|original|American wit and humor -- Periodicals.|Mugwump|3.5|http://www.loc.gov/mods/v3|http://www.w3.org/1999/xlink|http://www.w3.org/2001/XMLSchema-instance|http://www.loc.gov/mods/v3 http://www.loc.gov/standards/mods/v3/mods-3-5.xsd|The copyright interests in this collection remain with the creator. For more information, contact Special Collections at special@utk.edu.|text
2018-11-28T19:02:36Z|mugwump_1264|mugwump|text|dct|mugwump_vol6-iss8|local|Eng|text|https://digital.lib.utk.edu/collections/islandora/object/mugwump%3A1264|object in context|primary display|https://digital.lib.utk.edu/collections/islandora/object/mugwump%3A1264/datastream/TN/view|preview|1929- C. G. Maynatt and others.|University of Tennessee (Knoxville campus)|Publications by students|The University of Tennessee Libraries, Knoxville|1926-05|    |The University of Tennessee Libraries, Special Collections, Knoxville|original|American wit and humor -- Periodicals.|Mugwump|3.5|http://www.loc.gov/mods/v3|http://www.w3.org/1999/xlink|http://www.w3.org/2001/XMLSchema-instance|http://www.loc.gov/mods/v3 http://www.loc.gov/standards/mods/v3/mods-3-5.xsd|The copyright interests in this collection remain with the creator. For more information, contact Special Collections at special@utk.edu.|text
2018-11-28T19:02:36Z|mugwump_1341|mugwump|text|dct|mugwump_vol6-iss7|local|Eng|text|https://digital.lib.utk.edu/collections/islandora/object/mugwump%3A1341|object in context|primary display|https://digital.lib.utk.edu/collections/islandora/object/mugwump%3A1341/datastream/TN/view|preview|1928- C. G. Maynatt and others.|University of Tennessee (Knoxville campus)|Publications by students|The University of Tennessee Libraries, Knoxville|1926-04|    |The University of Tennessee Libraries, Special Collections, Knoxville|original|American wit and humor -- Periodicals.|Mugwump|3.5|http://www.loc.gov/mods/v3|http://www.w3.org/1999/xlink|http://www.w3.org/2001/XMLSchema-instance|http://www.loc.gov/mods/v3 http://www.loc.gov/standards/mods/v3/mods-3-5.xsd|The copyright interests in this collection remain with the creator. For more information, contact Special Collections at special@utk.edu.|text
2018-11-28T19:02:36Z|mugwump_1404|mugwump|text|dct|mugwump_vol6-iss6|local|Eng|text|https://digital.lib.utk.edu/collections/islandora/object/mugwump%3A1404|object in context|primary display|https://digital.lib.utk.edu/collections/islandora/object/mugwump%3A1404/datastream/TN/view|preview|1927- C. G. Maynatt and others.|University of Tennessee (Knoxville campus)|Publications by students|The University of Tennessee Libraries, Knoxville|1926-03|    |The University of Tennessee Libraries, Special Collections, Knoxville|original|American wit and humor -- Periodicals.|Mugwump|3.5|http://www.loc.gov/mods/v3|http://www.w3.org/1999/xlink|http://www.w3.org/2001/XMLSchema-instance|http://www.loc.gov/mods/v3 http://www.loc.gov/standards/mods/v3/mods-3-5.xsd|The copyright interests in this collection remain with the creator. For more information, contact Special Collections at special@utk.edu.|text
2018-11-28T19:02:36Z|mugwump_1451|mugwump|text|dct|mugwump_vol6-iss5|local|Eng|text|https://digital.lib.utk.edu/collections/islandora/object/mugwump%3A1451|object in context|primary display|https://digital.lib.utk.edu/collections/islandora/object/mugwump%3A1451/datastream/TN/view|preview|1926- C. G. Maynatt and others.|University of Tennessee (Knoxville campus)|Publications by students|The University of Tennessee Libraries, Knoxville|1926-02|    |The University of Tennessee Libraries, Special Collections, Knoxville|original|American wit and humor -- Periodicals.|Mugwump|3.5|http://www.loc.gov/mods/v3|http://www.w3.org/1999/xlink|http://www.w3.org/2001/XMLSchema-instance|http://www.loc.gov/mods/v3 http://www.loc.gov/standards/mods/v3/mods-3-5.xsd|The copyright interests in this collection remain with the creator. For more information, contact Special Collections at special@utk.edu.|text
2018-11-28T19:02:36Z|mugwump_1488|mugwump|text|dct|mugwump_vol6-iss4|local|Eng|text|https://digital.lib.utk.edu/collections/islandora/object/mugwump%3A1488|object in context|primary display|https://digital.lib.utk.edu/collections/islandora/object/mugwump%3A1488/datastream/TN/view|preview|1925- C. G. Maynatt and others.|University of Tennessee (Knoxville campus)|Publications by students|The University of Tennessee Libraries, Knoxville|1926-01|    |The University of Tennessee Libraries, Special Collections, Knoxville|original|American wit and humor -- Periodicals.|Mugwump|3.5|http://www.loc.gov/mods/v3|http://www.w3.org/1999/xlink|http://www.w3.org/2001/XMLSchema-instance|http://www.loc.gov/mods/v3 http://www.loc.gov/standards/mods/v3/mods-3-5.xsd|The copyright interests in this collection remain with the creator. For more information, contact Special Collections at special@utk.edu.|text
2018-11-28T19:02:36Z|mugwump_149|mugwump|text|dct|mugwump_vol1-iss4|local|Eng|text|https://digital.lib.utk.edu/collections/islandora/object/mugwump%3A149|object in context|primary display|https://digital.lib.utk.edu/collections/islandora/object/mugwump%3A149/datastream/TN/view|preview|1926- C. G. Maynatt and others.|University of Tennessee (Knoxville campus)|Publications by students|The University of Tennessee Libraries, Knoxville|1921-01-28|    |The University of Tennessee Libraries, Special Collections, Knoxville|original|American wit and humor -- Periodicals.|Mugwump|3.5|http://www.loc.gov/mods/v3|http://www.w3.org/1999/xlink|http://www.w3.org/2001/XMLSchema-instance|http://www.loc.gov/mods/v3 http://www.loc.gov/standards/mods/v3/mods-3-5.xsd|Public domain|text
2018-11-28T19:02:36Z|mugwump_1521|mugwump|text|dct|mugwump_vol6-iss3|local|Eng|text|https://digital.lib.utk.edu/collections/islandora/object/mugwump%3A1521|object in context|primary display|https://digital.lib.utk.edu/collections/islandora/object/mugwump%3A1521/datastream/TN/view|preview|1924- C. G. Maynatt and others.|University of Tennessee (Knoxville campus)|Publications by students|The University of Tennessee Libraries, Knoxville|1925-12|    |The University of Tennessee Libraries, Special Collections, Knoxville|original|American wit and humor -- Periodicals.|Mugwump|3.5|http://www.loc.gov/mods/v3|http://www.w3.org/1999/xlink|http://www.w3.org/2001/XMLSchema-instance|http://www.loc.gov/mods/v3 http://www.loc.gov/standards/mods/v3/mods-3-5.xsd|The copyright interests in this collection remain with the creator. For more information, contact Special Collections at special@utk.edu.|text
2018-11-28T19:02:36Z|mugwump_1558|mugwump|text|dct|mugwump_vol6-iss2|local|Eng|text|https://digital.lib.utk.edu/collections/islandora/object/mugwump%3A1558|object in context|primary display|https://digital.lib.utk.edu/collections/islandora/object/mugwump%3A1558/datastream/TN/view|preview|1923- C. G. Maynatt and others.|University of Tennessee (Knoxville campus)|Publications by students|The University of Tennessee Libraries, Knoxville|1925-11|    |The University of Tennessee Libraries, Special Collections, Knoxville|original|American wit and humor -- Periodicals.|Mugwump|3.5|http://www.loc.gov/mods/v3|http://www.w3.org/1999/xlink|http://www.w3.org/2001/XMLSchema-instance|http://www.loc.gov/mods/v3 http://www.loc.gov/standards/mods/v3/mods-3-5.xsd|The copyright interests in this collection remain with the creator. For more information, contact Special Collections at special@utk.edu.|text
2018-11-28T19:02:36Z|mugwump_1595|mugwump|text|dct|mugwump_vol6-iss1|local|Eng|text|https://digital.lib.utk.edu/collections/islandora/object/mugwump%3A1595|object in context|primary display|https://digital.lib.utk.edu/collections/islandora/object/mugwump%3A1595/datastream/TN/view|preview|1922- C. G. Maynatt and others.|University of Tennessee (Knoxville campus)|Publications by students|The University of Tennessee Libraries, Knoxville|1925-10|    |The University of Tennessee Libraries, Special Collections, Knoxville|original|American wit and humor -- Periodicals.|Mugwump|3.5|http://www.loc.gov/mods/v3|http://www.w3.org/1999/xlink|http://www.w3.org/2001/XMLSchema-instance|http://www.loc.gov/mods/v3 http://www.loc.gov/standards/mods/v3/mods-3-5.xsd|The copyright interests in this collection remain with the creator. For more information, contact Special Collections at special@utk.edu.|text
2018-11-28T19:02:36Z|mugwump_1624|mugwump|text|dct|mugwump_vol7-iss9|local|Eng|text|https://digital.lib.utk.edu/collections/islandora/object/mugwump%3A1624|object in context|primary display|https://digital.lib.utk.edu/collections/islandora/object/mugwump%3A1624/datastream/TN/view|preview|1938- C. G. Maynatt and others.|University of Tennessee (Knoxville campus)|Publications by students|The University of Tennessee Libraries, Knoxville|1927-05|    |The University of Tennessee Libraries, Special Collections, Knoxville|original|American wit and humor -- Periodicals.|Mugwump|3.5|http://www.loc.gov/mods/v3|http://www.w3.org/1999/xlink|http://www.w3.org/2001/XMLSchema-instance|http://www.loc.gov/mods/v3 http://www.loc.gov/standards/mods/v3/mods-3-5.xsd|The copyright interests in this collection remain with the creator. For more information, contact Special Collections at special@utk.edu.|text
2018-11-28T19:02:36Z|mugwump_1703|mugwump|text|dct|mugwump_vol7-iss8|local|Eng|text|https://digital.lib.utk.edu/collections/islandora/object/mugwump%3A1703|object in context|primary display|https://digital.lib.utk.edu/collections/islandora/object/mugwump%3A1703/datastream/TN/view|preview|1937- C. G. Maynatt and others.|University of Tennessee (Knoxville campus)|Publications by students|The University of Tennessee Libraries, Knoxville|1927-04|    |The University of Tennessee Libraries, Special Collections, Knoxville|original|American wit and humor -- Periodicals.|Mugwump|3.5|http://www.loc.gov/mods/v3|http://www.w3.org/1999/xlink|http://www.w3.org/2001/XMLSchema-instance|http://www.loc.gov/mods/v3 http://www.loc.gov/standards/mods/v3/mods-3-5.xsd|The copyright interests in this collection remain with the creator. For more information, contact Special Collections at special@utk.edu.|text
2018-11-28T19:02:36Z|mugwump_1752|mugwump|text|dct|mugwump_vol7-iss7|local|Eng|text|https://digital.lib.utk.edu/collections/islandora/object/mugwump%3A1752|object in context|primary display|https://digital.lib.utk.edu/collections/islandora/object/mugwump%3A1752/datastream/TN/view|preview|1936- C. G. Maynatt and others.|University of Tennessee (Knoxville campus)|Publications by students|The University of Tennessee Libraries, Knoxville|1927-04|    |The University of Tennessee Libraries, Special Collections, Knoxville|original|American wit and humor -- Periodicals.|Mugwump|3.5|http://www.loc.gov/mods/v3|http://www.w3.org/1999/xlink|http://www.w3.org/2001/XMLSchema-instance|http://www.loc.gov/mods/v3 http://www.loc.gov/standards/mods/v3/mods-3-5.xsd|The copyright interests in this collection remain with the creator. For more information, contact Special Collections at special@utk.edu.|text
2018-11-28T19:02:36Z|mugwump_1797|mugwump|text|dct|mugwump_vol7-iss6|local|Eng|text|https://digital.lib.utk.edu/collections/islandora/object/mugwump%3A1797|object in context|primary display|https://digital.lib.utk.edu/collections/islandora/object/mugwump%3A1797/datastream/TN/view|preview|1935- C. G. Maynatt and others.|University of Tennessee (Knoxville campus)|Publications by students|The University of Tennessee Libraries, Knoxville|1927-02|    |The University of Tennessee Libraries, Special Collections, Knoxville|original|American wit and humor -- Periodicals.|Mugwump|3.5|http://www.loc.gov/mods/v3|http://www.w3.org/1999/xlink|http://www.w3.org/2001/XMLSchema-instance|http://www.loc.gov/mods/v3 http://www.loc.gov/standards/mods/v3/mods-3-5.xsd|The copyright interests in this collection remain with the creator. For more information, contact Special Collections at special@utk.edu.|text
2018-11-28T19:02:36Z|mugwump_1840|mugwump|text|dct|mugwump_vol7-iss5|local|Eng|text|https://digital.lib.utk.edu/collections/islandora/object/mugwump%3A1840|object in context|primary display|https://digital.lib.utk.edu/collections/islandora/object/mugwump%3A1840/datastream/TN/view|preview|1934- C. G. Maynatt and others.|University of Tennessee (Knoxville campus)|Publications by students|The University of Tennessee Libraries, Knoxville|1927-01|    |The University of Tennessee Libraries, Special Collections, Knoxville|original|American wit and humor -- Periodicals.|Mugwump|3.5|http://www.loc.gov/mods/v3|http://www.w3.org/1999/xlink|http://www.w3.org/2001/XMLSchema-instance|http://www.loc.gov/mods/v3 http://www.loc.gov/standards/mods/v3/mods-3-5.xsd|The copyright interests in this collection remain with the creator. For more information, contact Special Collections at special@utk.edu.|text
2018-11-28T19:02:36Z|mugwump_186|mugwump|text|dct|mugwump_vol1-iss3|local|Eng|text|https://digital.lib.utk.edu/collections/islandora/object/mugwump%3A186|object in context|primary display|https://digital.lib.utk.edu/collections/islandora/object/mugwump%3A186/datastream/TN/view|preview|1920- C. G. Maynatt and others.|University of Tennessee (Knoxville campus)|Publications by students|The University of Tennessee Libraries, Knoxville|1920-12-28|    |The University of Tennessee Libraries, Special Collections, Knoxville|original|American wit and humor -- Periodicals.|Mugwump|3.5|http://www.loc.gov/mods/v3|http://www.w3.org/1999/xlink|http://www.w3.org/2001/XMLSchema-instance|http://www.loc.gov/mods/v3 http://www.loc.gov/standards/mods/v3/mods-3-5.xsd|Public domain|text
2018-11-28T19:02:36Z|mugwump_1885|mugwump|text|dct|mugwump_vol7-iss4|local|Eng|text|https://digital.lib.utk.edu/collections/islandora/object/mugwump%3A1885|object in context|primary display|https://digital.lib.utk.edu/collections/islandora/object/mugwump%3A1885/datastream/TN/view|preview|1933- C. G. Maynatt and others.|University of Tennessee (Knoxville campus)|Publications by students|The University of Tennessee Libraries, Knoxville|1926-12|    |The University of Tennessee Libraries, Special Collections, Knoxville|original|American wit and humor -- Periodicals.|Mugwump|3.5|http://www.loc.gov/mods/v3|http://www.w3.org/1999/xlink|http://www.w3.org/2001/XMLSchema-instance|http://www.loc.gov/mods/v3 http://www.loc.gov/standards/mods/v3/mods-3-5.xsd|The copyright interests in this collection remain with the creator. For more information, contact Special Collections at special@utk.edu.|text
2018-11-28T19:02:36Z|mugwump_1934|mugwump|text|dct|mugwump_vol7-iss3|local|Eng|text|https://digital.lib.utk.edu/collections/islandora/object/mugwump%3A1934|object in context|primary display|https://digital.lib.utk.edu/collections/islandora/object/mugwump%3A1934/datastream/TN/view|preview|1932- C. G. Maynatt and others.|University of Tennessee (Knoxville campus)|Publications by students|The University of Tennessee Libraries, Knoxville|1926-12|    |The University of Tennessee Libraries, Special Collections, Knoxville|original|American wit and humor -- Periodicals.|Mugwump|3.5|http://www.loc.gov/mods/v3|http://www.w3.org/1999/xlink|http://www.w3.org/2001/XMLSchema-instance|http://www.loc.gov/mods/v3 http://www.loc.gov/standards/mods/v3/mods-3-5.xsd|The copyright interests in this collection remain with the creator. For more information, contact Special Collections at special@utk.edu.|text
2018-11-28T19:02:36Z|mugwump_1983|mugwump|text|dct|mugwump_vol7-iss2|local|Eng|text|https://digital.lib.utk.edu/collections/islandora/object/mugwump%3A1983|object in context|primary display|https://digital.lib.utk.edu/collections/islandora/object/mugwump%3A1983/datastream/TN/view|preview|1931- C. G. Maynatt and others.|University of Tennessee (Knoxville campus)|Publications by students|The University of Tennessee Libraries, Knoxville|1926-11|    |The University of Tennessee Libraries, Special Collections, Knoxville|original|American wit and humor -- Periodicals.|Mugwump|3.5|http://www.loc.gov/mods/v3|http://www.w3.org/1999/xlink|http://www.w3.org/2001/XMLSchema-instance|http://www.loc.gov/mods/v3 http://www.loc.gov/standards/mods/v3/mods-3-5.xsd|The copyright interests in this collection remain with the creator. For more information, contact Special Collections at special@utk.edu.|text
2018-11-28T19:02:36Z|mugwump_1|mugwump|text|dct|mugwump_vol1-iss8|local|Eng|text|https://digital.lib.utk.edu/collections/islandora/object/mugwump%3A1|object in context|primary display|https://digital.lib.utk.edu/collections/islandora/object/mugwump%3A1/datastream/TN/view|preview|1929- C. G. Maynatt and others.|University of Tennessee (Knoxville campus)|Publications by students|The University of Tennessee Libraries, Knoxville|1921-05-28|    |The University of Tennessee Libraries, Special Collections, Knoxville|original|American wit and humor -- Periodicals.|Mugwump|3.5|http://www.loc.gov/mods/v3|http://www.w3.org/1999/xlink|http://www.w3.org/2001/XMLSchema-instance|http://www.loc.gov/mods/v3 http://www.loc.gov/standards/mods/v3/mods-3-5.xsd|Public domain|text
2018-11-28T19:02:36Z|mugwump_2032|mugwump|text|dct|mugwump_vol7-iss1|local|Eng|text|https://digital.lib.utk.edu/collections/islandora/object/mugwump%3A2032|object in context|primary display|https://digital.lib.utk.edu/collections/islandora/object/mugwump%3A2032/datastream/TN/view|preview|1930- C. G. Maynatt and others.|University of Tennessee (Knoxville campus)|Publications by students|The University of Tennessee Libraries, Knoxville|1926-10|    |The University of Tennessee Libraries, Special Collections, Knoxville|original|American wit and humor -- Periodicals.|Mugwump|3.5|http://www.loc.gov/mods/v3|http://www.w3.org/1999/xlink|http://www.w3.org/2001/XMLSchema-instance|http://www.loc.gov/mods/v3 http://www.loc.gov/standards/mods/v3/mods-3-5.xsd|The copyright interests in this collection remain with the creator. For more information, contact Special Collections at special@utk.edu.|text
2018-11-28T19:02:36Z|mugwump_2077|mugwump|text|dct|mugwump_vol8-iss9|local|Eng|text|https://digital.lib.utk.edu/collections/islandora/object/mugwump%3A2077|object in context|primary display|https://digital.lib.utk.edu/collections/islandora/object/mugwump%3A2077/datastream/TN/view|preview|1947- C. G. Maynatt and others.|University of Tennessee (Knoxville campus)|Publications by students|The University of Tennessee Libraries, Knoxville|1928-05|    |The University of Tennessee Libraries, Special Collections, Knoxville|original|American wit and humor -- Periodicals.|Mugwump|3.5|http://www.loc.gov/mods/v3|http://www.w3.org/1999/xlink|http://www.w3.org/2001/XMLSchema-instance|http://www.loc.gov/mods/v3 http://www.loc.gov/standards/mods/v3/mods-3-5.xsd|The copyright interests in this collection remain with the creator. For more information, contact Special Collections at special@utk.edu.|text
2018-11-28T19:02:36Z|mugwump_2136|mugwump|text|dct|mugwump_vol8-iss8|local|Eng|text|https://digital.lib.utk.edu/collections/islandora/object/mugwump%3A2136|object in context|primary display|https://digital.lib.utk.edu/collections/islandora/object/mugwump%3A2136/datastream/TN/view|preview|1946- C. G. Maynatt and others.|University of Tennessee (Knoxville campus)|Publications by students|The University of Tennessee Libraries, Knoxville|1928-04|    |The University of Tennessee Libraries, Special Collections, Knoxville|original|American wit and humor -- Periodicals.|Mugwump|3.5|http://www.loc.gov/mods/v3|http://www.w3.org/1999/xlink|http://www.w3.org/2001/XMLSchema-instance|http://www.loc.gov/mods/v3 http://www.loc.gov/standards/mods/v3/mods-3-5.xsd|The copyright interests in this collection remain with the creator. For more information, contact Special Collections at special@utk.edu.|text
2018-11-28T19:02:36Z|mugwump_2173|mugwump|text|dct|mugwump_vol8-iss7|local|Eng|text|https://digital.lib.utk.edu/collections/islandora/object/mugwump%3A2173|object in context|primary display|https://digital.lib.utk.edu/collections/islandora/object/mugwump%3A2173/datastream/TN/view|preview|1945- C. G. Maynatt and others.|University of Tennessee (Knoxville campus)|Publications by students|The University of Tennessee Libraries, Knoxville|1928-03|    |The University of Tennessee Libraries, Special Collections, Knoxville|original|American wit and humor -- Periodicals.|Mugwump|3.5|http://www.loc.gov/mods/v3|http://www.w3.org/1999/xlink|http://www.w3.org/2001/XMLSchema-instance|http://www.loc.gov/mods/v3 http://www.loc.gov/standards/mods/v3/mods-3-5.xsd|The copyright interests in this collection remain with the creator. For more information, contact Special Collections at special@utk.edu.|text
2018-11-28T19:02:36Z|mugwump_2212|mugwump|text|dct|mugwump_vol8-iss6|local|Eng|text|https://digital.lib.utk.edu/collections/islandora/object/mugwump%3A2212|object in context|primary display|https://digital.lib.utk.edu/collections/islandora/object/mugwump%3A2212/datastream/TN/view|preview|1944- C. G. Maynatt and others.|University of Tennessee (Knoxville campus)|Publications by students|The University of Tennessee Libraries, Knoxville|1928-02|    |The University of Tennessee Libraries, Special Collections, Knoxville|original|American wit and humor -- Periodicals.|Mugwump|3.5|http://www.loc.gov/mods/v3|http://www.w3.org/1999/xlink|http://www.w3.org/2001/XMLSchema-instance|http://www.loc.gov/mods/v3 http://www.loc.gov/standards/mods/v3/mods-3-5.xsd|The copyright interests in this collection remain with the creator. For more information, contact Special Collections at special@utk.edu.|text
2018-11-28T19:02:36Z|mugwump_223|mugwump|text|dct|mugwump_vol1-iss2|local|Eng|text|https://digital.lib.utk.edu/collections/islandora/object/mugwump%3A223|object in context|primary display|https://digital.lib.utk.edu/collections/islandora/object/mugwump%3A223/datastream/TN/view|preview|1922- C. G. Maynatt and others.|University of Tennessee (Knoxville campus)|Publications by students|The University of Tennessee Libraries, Knoxville|1920-11-25|    |The University of Tennessee Libraries, Special Collections, Knoxville|original|American wit and humor -- Periodicals.|Mugwump|3.5|http://www.loc.gov/mods/v3|http://www.w3.org/1999/xlink|http://www.w3.org/2001/XMLSchema-instance|http://www.loc.gov/mods/v3 http://www.loc.gov/standards/mods/v3/mods-3-5.xsd|Public domain|text
2018-11-28T19:02:36Z|mugwump_2249|mugwump|text|dct|mugwump_vol8-iss5|local|Eng|text|https://digital.lib.utk.edu/collections/islandora/object/mugwump%3A2249|object in context|primary display|https://digital.lib.utk.edu/collections/islandora/object/mugwump%3A2249/datastream/TN/view|preview|1943- C. G. Maynatt and others.|University of Tennessee (Knoxville campus)|Publications by students|The University of Tennessee Libraries, Knoxville|1928-01|    |The University of Tennessee Libraries, Special Collections, Knoxville|original|American wit and humor -- Periodicals.|Mugwump|3.5|http://www.loc.gov/mods/v3|http://www.w3.org/1999/xlink|http://www.w3.org/2001/XMLSchema-instance|http://www.loc.gov/mods/v3 http://www.loc.gov/standards/mods/v3/mods-3-5.xsd|The copyright interests in this collection remain with the creator. For more information, contact Special Collections at special@utk.edu.|text
2018-11-28T19:02:36Z|mugwump_2286|mugwump|text|dct|mugwump_vol8-iss4|local|Eng|text|https://digital.lib.utk.edu/collections/islandora/object/mugwump%3A2286|object in context|primary display|https://digital.lib.utk.edu/collections/islandora/object/mugwump%3A2286/datastream/TN/view|preview|1942- C. G. Maynatt and others.|University of Tennessee (Knoxville campus)|Publications by students|The University of Tennessee Libraries, Knoxville|1927-12|    |The University of Tennessee Libraries, Special Collections, Knoxville|original|American wit and humor -- Periodicals.|Mugwump|3.5|http://www.loc.gov/mods/v3|http://www.w3.org/1999/xlink|http://www.w3.org/2001/XMLSchema-instance|http://www.loc.gov/mods/v3 http://www.loc.gov/standards/mods/v3/mods-3-5.xsd|The copyright interests in this collection remain with the creator. For more information, contact Special Collections at special@utk.edu.|text
2018-11-28T19:02:36Z|mugwump_2327|mugwump|text|dct|mugwump_vol8-iss3|local|Eng|text|https://digital.lib.utk.edu/collections/islandora/object/mugwump%3A2327|object in context|primary display|https://digital.lib.utk.edu/collections/islandora/object/mugwump%3A2327/datastream/TN/view|preview|1941- C. G. Maynatt and others.|University of Tennessee (Knoxville campus)|Publications by students|The University of Tennessee Libraries, Knoxville|1927-11|    |The University of Tennessee Libraries, Special Collections, Knoxville|original|American wit and humor -- Periodicals.|Mugwump|3.5|http://www.loc.gov/mods/v3|http://www.w3.org/1999/xlink|http://www.w3.org/2001/XMLSchema-instance|http://www.loc.gov/mods/v3 http://www.loc.gov/standards/mods/v3/mods-3-5.xsd|The copyright interests in this collection remain with the creator. For more information, contact Special Collections at special@utk.edu.|text
2018-11-28T19:02:36Z|mugwump_2372|mugwump|text|dct|mugwump_vol8-iss2|local|Eng|text|https://digital.lib.utk.edu/collections/islandora/object/mugwump%3A2372|object in context|primary display|https://digital.lib.utk.edu/collections/islandora/object/mugwump%3A2372/datastream/TN/view|preview|1940- C. G. Maynatt and others.|University of Tennessee (Knoxville campus)|Publications by students|The University of Tennessee Libraries, Knoxville|1927-11|    |The University of Tennessee Libraries, Special Collections, Knoxville|original|American wit and humor -- Periodicals.|Mugwump|3.5|http://www.loc.gov/mods/v3|http://www.w3.org/1999/xlink|http://www.w3.org/2001/XMLSchema-instance|http://www.loc.gov/mods/v3 http://www.loc.gov/standards/mods/v3/mods-3-5.xsd|The copyright interests in this collection remain with the creator. For more information, contact Special Collections at special@utk.edu.|text
2018-11-28T19:02:36Z|mugwump_2413|mugwump|text|dct|mugwump_vol8-iss1|local|Eng|text|https://digital.lib.utk.edu/collections/islandora/object/mugwump%3A2413|object in context|primary display|https://digital.lib.utk.edu/collections/islandora/object/mugwump%3A2413/datastream/TN/view|preview|1939- C. G. Maynatt and others.|University of Tennessee (Knoxville campus)|Publications by students|The University of Tennessee Libraries, Knoxville|1927-10|    |The University of Tennessee Libraries, Special Collections, Knoxville|original|American wit and humor -- Periodicals.|Mugwump|3.5|http://www.loc.gov/mods/v3|http://www.w3.org/1999/xlink|http://www.w3.org/2001/XMLSchema-instance|http://www.loc.gov/mods/v3 http://www.loc.gov/standards/mods/v3/mods-3-5.xsd|The copyright interests in this collection remain with the creator. For more information, contact Special Collections at special@utk.edu.|text
2018-11-28T19:02:36Z|mugwump_2454|mugwump|text|dct|mugwump_vol9-iss8|local|Eng|text|https://digital.lib.utk.edu/collections/islandora/object/mugwump%3A2454|object in context|primary display|https://digital.lib.utk.edu/collections/islandora/object/mugwump%3A2454/datastream/TN/view|preview|1955- C. G. Maynatt and others.|University of Tennessee (Knoxville campus)|Publications by students|The University of Tennessee Libraries, Knoxville|1929-06|    |The University of Tennessee Libraries, Special Collections, Knoxville|original|American wit and humor -- Periodicals.|Mugwump|3.5|http://www.loc.gov/mods/v3|http://www.w3.org/1999/xlink|http://www.w3.org/2001/XMLSchema-instance|http://www.loc.gov/mods/v3 http://www.loc.gov/standards/mods/v3/mods-3-5.xsd|The copyright interests in this collection remain with the creator. For more information, contact Special Collections at special@utk.edu.|text
2018-11-28T19:02:36Z|mugwump_2515|mugwump|text|dct|mugwump_vol9-iss7|local|Eng|text|https://digital.lib.utk.edu/collections/islandora/object/mugwump%3A2515|object in context|primary display|https://digital.lib.utk.edu/collections/islandora/object/mugwump%3A2515/datastream/TN/view|preview|1954- C. G. Maynatt and others.|University of Tennessee (Knoxville campus)|Publications by students|The University of Tennessee Libraries, Knoxville|1929-04|    |The University of Tennessee Libraries, Special Collections, Knoxville|original|American wit and humor -- Periodicals.|Mugwump|3.5|http://www.loc.gov/mods/v3|http://www.w3.org/1999/xlink|http://www.w3.org/2001/XMLSchema-instance|http://www.loc.gov/mods/v3 http://www.loc.gov/standards/mods/v3/mods-3-5.xsd|The copyright interests in this collection remain with the creator. For more information, contact Special Collections at special@utk.edu.|text
2018-11-28T19:02:36Z|mugwump_2556|mugwump|text|dct|mugwump_vol9-iss6|local|Eng|text|https://digital.lib.utk.edu/collections/islandora/object/mugwump%3A2556|object in context|primary display|https://digital.lib.utk.edu/collections/islandora/object/mugwump%3A2556/datastream/TN/view|preview|1953- C. G. Maynatt and others.|University of Tennessee (Knoxville campus)|Publications by students|The University of Tennessee Libraries, Knoxville|1929-04|    |The University of Tennessee Libraries, Special Collections, Knoxville|original|American wit and humor -- Periodicals.|Mugwump|3.5|http://www.loc.gov/mods/v3|http://www.w3.org/1999/xlink|http://www.w3.org/2001/XMLSchema-instance|http://www.loc.gov/mods/v3 http://www.loc.gov/standards/mods/v3/mods-3-5.xsd|The copyright interests in this collection remain with the creator. For more information, contact Special Collections at special@utk.edu.|text
2018-11-28T19:02:36Z|mugwump_2597|mugwump|text|dct|mugwump_vol9-iss5|local|Eng|text|https://digital.lib.utk.edu/collections/islandora/object/mugwump%3A2597|object in context|primary display|https://digital.lib.utk.edu/collections/islandora/object/mugwump%3A2597/datastream/TN/view|preview|1952- C. G. Maynatt and others.|University of Tennessee (Knoxville campus)|Publications by students|The University of Tennessee Libraries, Knoxville|1929-02|    |The University of Tennessee Libraries, Special Collections, Knoxville|original|American wit and humor -- Periodicals.|Mugwump|3.5|http://www.loc.gov/mods/v3|http://www.w3.org/1999/xlink|http://www.w3.org/2001/XMLSchema-instance|http://www.loc.gov/mods/v3 http://www.loc.gov/standards/mods/v3/mods-3-5.xsd|The copyright interests in this collection remain with the creator. For more information, contact Special Collections at special@utk.edu.|text
2018-11-28T19:02:36Z|mugwump_260|mugwump|text|dct|mugwump_vol1-iss1|local|Eng|text|https://digital.lib.utk.edu/collections/islandora/object/mugwump%3A260|object in context|primary display|https://digital.lib.utk.edu/collections/islandora/object/mugwump%3A260/datastream/TN/view|preview|1921- C. G. Maynatt and others.|University of Tennessee (Knoxville campus)|Publications by students|The University of Tennessee Libraries, Knoxville|1920-11|    |The University of Tennessee Libraries, Special Collections, Knoxville|original|American wit and humor -- Periodicals.|Mugwump|3.5|http://www.loc.gov/mods/v3|http://www.w3.org/1999/xlink|http://www.w3.org/2001/XMLSchema-instance|http://www.loc.gov/mods/v3 http://www.loc.gov/standards/mods/v3/mods-3-5.xsd|Public domain|text
2018-11-28T19:02:36Z|mugwump_2638|mugwump|text|dct|mugwump_vol9-iss4|local|Eng|text|https://digital.lib.utk.edu/collections/islandora/object/mugwump%3A2638|object in context|primary display|https://digital.lib.utk.edu/collections/islandora/object/mugwump%3A2638/datastream/TN/view|preview|1951- C. G. Maynatt and others.|University of Tennessee (Knoxville campus)|Publications by students|The University of Tennessee Libraries, Knoxville|1929-01|    |The University of Tennessee Libraries, Special Collections, Knoxville|original|American wit and humor -- Periodicals.|Mugwump|3.5|http://www.loc.gov/mods/v3|http://www.w3.org/1999/xlink|http://www.w3.org/2001/XMLSchema-instance|http://www.loc.gov/mods/v3 http://www.loc.gov/standards/mods/v3/mods-3-5.xsd|The copyright interests in this collection remain with the creator. For more information, contact Special Collections at special@utk.edu.|text
2018-11-28T19:02:36Z|mugwump_2679|mugwump|text|dct|mugwump_vol9-iss3|local|Eng|text|https://digital.lib.utk.edu/collections/islandora/object/mugwump%3A2679|object in context|primary display|https://digital.lib.utk.edu/collections/islandora/object/mugwump%3A2679/datastream/TN/view|preview|1950- C. G. Maynatt and others.|University of Tennessee (Knoxville campus)|Publications by students|    |    |The University of Tennessee Libraries, Knoxville|The University of Tennessee Libraries, Special Collections, Knoxville|original|American wit and humor -- Periodicals.|Mugwump|3.5|http://www.loc.gov/mods/v3|http://www.w3.org/1999/xlink|http://www.w3.org/2001/XMLSchema-instance|http://www.loc.gov/mods/v3 http://www.loc.gov/standards/mods/v3/mods-3-5.xsd|The copyright interests in this collection remain with the creator. For more information, contact Special Collections at special@utk.edu.|text
2018-11-28T19:02:36Z|mugwump_2732|mugwump|text|dct|mugwump_vol9-iss2|local|Eng|text|https://digital.lib.utk.edu/collections/islandora/object/mugwump%3A2732|object in context|primary display|https://digital.lib.utk.edu/collections/islandora/object/mugwump%3A2732/datastream/TN/view|preview|1949- C. G. Maynatt and others.|University of Tennessee (Knoxville campus)|Publications by students|The University of Tennessee Libraries, Knoxville|1928-11|    |The University of Tennessee Libraries, Special Collections, Knoxville|original|American wit and humor -- Periodicals.|Mugwump|3.5|http://www.loc.gov/mods/v3|http://www.w3.org/1999/xlink|http://www.w3.org/2001/XMLSchema-instance|http://www.loc.gov/mods/v3 http://www.loc.gov/standards/mods/v3/mods-3-5.xsd|The copyright interests in this collection remain with the creator. For more information, contact Special Collections at special@utk.edu.|text
2018-11-28T19:02:36Z|mugwump_2785|mugwump|text|dct|mugwump_vol9-iss1|local|Eng|text|https://digital.lib.utk.edu/collections/islandora/object/mugwump%3A2785|object in context|primary display|https://digital.lib.utk.edu/collections/islandora/object/mugwump%3A2785/datastream/TN/view|preview|1948- C. G. Maynatt and others.|University of Tennessee (Knoxville campus)|Publications by students|The University of Tennessee Libraries, Knoxville|1928-10|    |The University of Tennessee Libraries, Special Collections, Knoxville|original|American wit and humor -- Periodicals.|Mugwump|3.5|http://www.loc.gov/mods/v3|http://www.w3.org/1999/xlink|http://www.w3.org/2001/XMLSchema-instance|http://www.loc.gov/mods/v3 http://www.loc.gov/standards/mods/v3/mods-3-5.xsd|The copyright interests in this collection remain with the creator. For more information, contact Special Collections at special@utk.edu.|text
2018-11-28T19:02:36Z|mugwump_2838|mugwump|text|dct|mugwump_vol10-iss8|local|Eng|text|https://digital.lib.utk.edu/collections/islandora/object/mugwump%3A2838|object in context|primary display|https://digital.lib.utk.edu/collections/islandora/object/mugwump%3A2838/datastream/TN/view|preview|1963- C. G. Maynatt and others.|University of Tennessee (Knoxville campus)|Publications by students|The University of Tennessee Libraries, Knoxville|1930-05|    |The University of Tennessee Libraries, Special Collections, Knoxville|original|American wit and humor -- Periodicals.|Mugwump|3.5|http://www.loc.gov/mods/v3|http://www.w3.org/1999/xlink|http://www.w3.org/2001/XMLSchema-instance|http://www.loc.gov/mods/v3 http://www.loc.gov/standards/mods/v3/mods-3-5.xsd|The copyright interests in this collection remain with the creator. For more information, contact Special Collections at special@utk.edu.|text
2018-11-28T19:02:36Z|mugwump_2879|mugwump|text|dct|mugwump_vol10-iss7|local|Eng|text|https://digital.lib.utk.edu/collections/islandora/object/mugwump%3A2879|object in context|primary display|https://digital.lib.utk.edu/collections/islandora/object/mugwump%3A2879/datastream/TN/view|preview|1962- C. G. Maynatt and others.|University of Tennessee (Knoxville campus)|Publications by students|The University of Tennessee Libraries, Knoxville|1930-04|    |The University of Tennessee Libraries, Special Collections, Knoxville|original|American wit and humor -- Periodicals.|Mugwump|3.5|http://www.loc.gov/mods/v3|http://www.w3.org/1999/xlink|http://www.w3.org/2001/XMLSchema-instance|http://www.loc.gov/mods/v3 http://www.loc.gov/standards/mods/v3/mods-3-5.xsd|The copyright interests in this collection remain with the creator. For more information, contact Special Collections at special@utk.edu.|text
2018-11-28T19:02:36Z|mugwump_2918|mugwump|text|dct|mugwump_vol10-iss6|local|Eng|text|https://digital.lib.utk.edu/collections/islandora/object/mugwump%3A2918|object in context|primary display|https://digital.lib.utk.edu/collections/islandora/object/mugwump%3A2918/datastream/TN/view|preview|1961- C. G. Maynatt and others.|University of Tennessee (Knoxville campus)|Publications by students|The University of Tennessee Libraries, Knoxville|1930-03|    |The University of Tennessee Libraries, Special Collections, Knoxville|original|American wit and humor -- Periodicals.|Mugwump|3.5|http://www.loc.gov/mods/v3|http://www.w3.org/1999/xlink|http://www.w3.org/2001/XMLSchema-instance|http://www.loc.gov/mods/v3 http://www.loc.gov/standards/mods/v3/mods-3-5.xsd|The copyright interests in this collection remain with the creator. For more information, contact Special Collections at special@utk.edu.|text
2018-11-28T19:02:36Z|mugwump_2959|mugwump|text|dct|mugwump_vol10-iss5|local|Eng|text|https://digital.lib.utk.edu/collections/islandora/object/mugwump%3A2959|object in context|primary display|https://digital.lib.utk.edu/collections/islandora/object/mugwump%3A2959/datastream/TN/view|preview|1960- C. G. Maynatt and others.|University of Tennessee (Knoxville campus)|Publications by students|The University of Tennessee Libraries, Knoxville|1930-02|    |The University of Tennessee Libraries, Special Collections, Knoxville|original|American wit and humor -- Periodicals.|Mugwump|3.5|http://www.loc.gov/mods/v3|http://www.w3.org/1999/xlink|http://www.w3.org/2001/XMLSchema-instance|http://www.loc.gov/mods/v3 http://www.loc.gov/standards/mods/v3/mods-3-5.xsd|The copyright interests in this collection remain with the creator. For more information, contact Special Collections at special@utk.edu.|text
2018-11-28T19:02:36Z|mugwump_297|mugwump|text|dct|mugwump_vol2-iss5|local|Eng|text|https://digital.lib.utk.edu/collections/islandora/object/mugwump%3A297|object in context|primary display|https://digital.lib.utk.edu/collections/islandora/object/mugwump%3A297/datastream/TN/view|preview|1932- C. G. Maynatt and others.|University of Tennessee (Knoxville campus)|Publications by students|The University of Tennessee Libraries, Knoxville|1922-02|    |The University of Tennessee Libraries, Special Collections, Knoxville|original|American wit and humor -- Periodicals.|Mugwump|3.5|http://www.loc.gov/mods/v3|http://www.w3.org/1999/xlink|http://www.w3.org/2001/XMLSchema-instance|http://www.loc.gov/mods/v3 http://www.loc.gov/standards/mods/v3/mods-3-5.xsd|Public domain|text
2018-11-28T19:02:36Z|mugwump_3000|mugwump|text|dct|mugwump_vol10-iss4|local|Eng|text|https://digital.lib.utk.edu/collections/islandora/object/mugwump%3A3000|object in context|primary display|https://digital.lib.utk.edu/collections/islandora/object/mugwump%3A3000/datastream/TN/view|preview|1959- C. G. Maynatt and others.|University of Tennessee (Knoxville campus)|Publications by students|The University of Tennessee Libraries, Knoxville|1930-01|    |The University of Tennessee Libraries, Special Collections, Knoxville|original|American wit and humor -- Periodicals.|Mugwump|3.5|http://www.loc.gov/mods/v3|http://www.w3.org/1999/xlink|http://www.w3.org/2001/XMLSchema-instance|http://www.loc.gov/mods/v3 http://www.loc.gov/standards/mods/v3/mods-3-5.xsd|The copyright interests in this collection remain with the creator. For more information, contact Special Collections at special@utk.edu.|text
2018-11-28T19:02:36Z|mugwump_3041|mugwump|text|dct|mugwump_vol10-iss3|local|Eng|text|https://digital.lib.utk.edu/collections/islandora/object/mugwump%3A3041|object in context|primary display|https://digital.lib.utk.edu/collections/islandora/object/mugwump%3A3041/datastream/TN/view|preview|1958- C. G. Maynatt and others.|University of Tennessee (Knoxville campus)|Publications by students|The University of Tennessee Libraries, Knoxville|1929-12|    |The University of Tennessee Libraries, Special Collections, Knoxville|original|American wit and humor -- Periodicals.|Mugwump|3.5|http://www.loc.gov/mods/v3|http://www.w3.org/1999/xlink|http://www.w3.org/2001/XMLSchema-instance|http://www.loc.gov/mods/v3 http://www.loc.gov/standards/mods/v3/mods-3-5.xsd|The copyright interests in this collection remain with the creator. For more information, contact Special Collections at special@utk.edu.|text
2018-11-28T19:02:36Z|mugwump_3086|mugwump|text|dct|mugwump_vol10-iss2|local|Eng|text|https://digital.lib.utk.edu/collections/islandora/object/mugwump%3A3086|object in context|primary display|https://digital.lib.utk.edu/collections/islandora/object/mugwump%3A3086/datastream/TN/view|preview|1957- C. G. Maynatt and others.|University of Tennessee (Knoxville campus)|Publications by students|The University of Tennessee Libraries, Knoxville|1929-11|    |The University of Tennessee Libraries, Special Collections, Knoxville|original|American wit and humor -- Periodicals.|Mugwump|3.5|http://www.loc.gov/mods/v3|http://www.w3.org/1999/xlink|http://www.w3.org/2001/XMLSchema-instance|http://www.loc.gov/mods/v3 http://www.loc.gov/standards/mods/v3/mods-3-5.xsd|The copyright interests in this collection remain with the creator. For more information, contact Special Collections at special@utk.edu.|text
2018-11-28T19:02:36Z|mugwump_3139|mugwump|text|dct|mugwump_vol10-iss1|local|Eng|text|https://digital.lib.utk.edu/collections/islandora/object/mugwump%3A3139|object in context|primary display|https://digital.lib.utk.edu/collections/islandora/object/mugwump%3A3139/datastream/TN/view|preview|1956- C. G. Maynatt and others.|University of Tennessee (Knoxville campus)|Publications by students|The University of Tennessee Libraries, Knoxville|1929-10|    |The University of Tennessee Libraries, Special Collections, Knoxville|original|American wit and humor -- Periodicals.|Mugwump|3.5|http://www.loc.gov/mods/v3|http://www.w3.org/1999/xlink|http://www.w3.org/2001/XMLSchema-instance|http://www.loc.gov/mods/v3 http://www.loc.gov/standards/mods/v3/mods-3-5.xsd|The copyright interests in this collection remain with the creator. For more information, contact Special Collections at special@utk.edu.|text
2018-11-28T19:02:36Z|mugwump_3192|mugwump|text|dct|mugwump_vol11-iss1|local|Eng|text|https://digital.lib.utk.edu/collections/islandora/object/mugwump%3A3192|object in context|primary display|https://digital.lib.utk.edu/collections/islandora/object/mugwump%3A3192/datastream/TN/view|preview|1964- C. G. Maynatt and others.|University of Tennessee (Knoxville campus)|Publications by students|The University of Tennessee Libraries, Knoxville|1930-10|    |The University of Tennessee Libraries, Special Collections, Knoxville|original|American wit and humor -- Periodicals.|Mugwump|3.5|http://www.loc.gov/mods/v3|http://www.w3.org/1999/xlink|http://www.w3.org/2001/XMLSchema-instance|http://www.loc.gov/mods/v3 http://www.loc.gov/standards/mods/v3/mods-3-5.xsd|The copyright interests in this collection remain with the creator. For more information, contact Special Collections at special@utk.edu.|text
2018-11-28T19:02:36Z|mugwump_3245|mugwump|text|dct|mugwump_vol11-iss2|local|Eng|text|https://digital.lib.utk.edu/collections/islandora/object/mugwump%3A3245|object in context|primary display|https://digital.lib.utk.edu/collections/islandora/object/mugwump%3A3245/datastream/TN/view|preview|1965- C. G. Maynatt and others.|University of Tennessee (Knoxville campus)|Publications by students|The University of Tennessee Libraries, Knoxville|1930-11|    |The University of Tennessee Libraries, Special Collections, Knoxville|original|American wit and humor -- Periodicals.|Mugwump|3.5|http://www.loc.gov/mods/v3|http://www.w3.org/1999/xlink|http://www.w3.org/2001/XMLSchema-instance|http://www.loc.gov/mods/v3 http://www.loc.gov/standards/mods/v3/mods-3-5.xsd|The copyright interests in this collection remain with the creator. For more information, contact Special Collections at special@utk.edu.|text
2018-11-28T19:02:36Z|mugwump_3298|mugwump|text|dct|mugwump_vol11-iss8|local|Eng|text|https://digital.lib.utk.edu/collections/islandora/object/mugwump%3A3298|object in context|primary display|https://digital.lib.utk.edu/collections/islandora/object/mugwump%3A3298/datastream/TN/view|preview|1971- C. G. Maynatt and others.|University of Tennessee (Knoxville campus)|Publications by students|The University of Tennessee Libraries, Knoxville|1931-05|    |The University of Tennessee Libraries, Special Collections, Knoxville|original|American wit and humor -- Periodicals.|Mugwump|3.5|http://www.loc.gov/mods/v3|http://www.w3.org/1999/xlink|http://www.w3.org/2001/XMLSchema-instance|http://www.loc.gov/mods/v3 http://www.loc.gov/standards/mods/v3/mods-3-5.xsd|The copyright interests in this collection remain with the creator. For more information, contact Special Collections at special@utk.edu.|text
2018-11-28T19:02:36Z|mugwump_3343|mugwump|text|dct|mugwump_vol11-iss7|local|Eng|text|https://digital.lib.utk.edu/collections/islandora/object/mugwump%3A3343|object in context|primary display|https://digital.lib.utk.edu/collections/islandora/object/mugwump%3A3343/datastream/TN/view|preview|1970- C. G. Maynatt and others.|University of Tennessee (Knoxville campus)|Publications by students|The University of Tennessee Libraries, Knoxville|1931-04|    |The University of Tennessee Libraries, Special Collections, Knoxville|original|American wit and humor -- Periodicals.|Mugwump|3.5|http://www.loc.gov/mods/v3|http://www.w3.org/1999/xlink|http://www.w3.org/2001/XMLSchema-instance|http://www.loc.gov/mods/v3 http://www.loc.gov/standards/mods/v3/mods-3-5.xsd|The copyright interests in this collection remain with the creator. For more information, contact Special Collections at special@utk.edu.|text
2018-11-28T19:02:36Z|mugwump_334|mugwump|text|dct|mugwump_vol2-iss4|local|Eng|text|https://digital.lib.utk.edu/collections/islandora/object/mugwump%3A334|object in context|primary display|https://digital.lib.utk.edu/collections/islandora/object/mugwump%3A334/datastream/TN/view|preview|1933- C. G. Maynatt and others.|University of Tennessee (Knoxville campus)|Publications by students|The University of Tennessee Libraries, Knoxville|1922-01|    |The University of Tennessee Libraries, Special Collections, Knoxville|original|American wit and humor -- Periodicals.|Mugwump|3.5|http://www.loc.gov/mods/v3|http://www.w3.org/1999/xlink|http://www.w3.org/2001/XMLSchema-instance|http://www.loc.gov/mods/v3 http://www.loc.gov/standards/mods/v3/mods-3-5.xsd|Public domain|text
2018-11-28T19:02:36Z|mugwump_3380|mugwump|text|dct|mugwump_vol11-iss6|local|Eng|text|https://digital.lib.utk.edu/collections/islandora/object/mugwump%3A3380|object in context|primary display|https://digital.lib.utk.edu/collections/islandora/object/mugwump%3A3380/datastream/TN/view|preview|1969- C. G. Maynatt and others.|University of Tennessee (Knoxville campus)|Publications by students|The University of Tennessee Libraries, Knoxville|1931-03|    |The University of Tennessee Libraries, Special Collections, Knoxville|original|American wit and humor -- Periodicals.|Mugwump|3.5|http://www.loc.gov/mods/v3|http://www.w3.org/1999/xlink|http://www.w3.org/2001/XMLSchema-instance|http://www.loc.gov/mods/v3 http://www.loc.gov/standards/mods/v3/mods-3-5.xsd|The copyright interests in this collection remain with the creator. For more information, contact Special Collections at special@utk.edu.|text
2018-11-28T19:02:36Z|mugwump_3417|mugwump|text|dct|mugwump_vol11-iss5|local|Eng|text|https://digital.lib.utk.edu/collections/islandora/object/mugwump%3A3417|object in context|primary display|https://digital.lib.utk.edu/collections/islandora/object/mugwump%3A3417/datastream/TN/view|preview|1968- C. G. Maynatt and others.|University of Tennessee (Knoxville campus)|Publications by students|The University of Tennessee Libraries, Knoxville|1931-02|    |The University of Tennessee Libraries, Special Collections, Knoxville|original|American wit and humor -- Periodicals.|Mugwump|3.5|http://www.loc.gov/mods/v3|http://www.w3.org/1999/xlink|http://www.w3.org/2001/XMLSchema-instance|http://www.loc.gov/mods/v3 http://www.loc.gov/standards/mods/v3/mods-3-5.xsd|The copyright interests in this collection remain with the creator. For more information, contact Special Collections at special@utk.edu.|text
2018-11-28T19:02:36Z|mugwump_3454|mugwump|text|dct|mugwump_vol11-iss4|local|Eng|text|https://digital.lib.utk.edu/collections/islandora/object/mugwump%3A3454|object in context|primary display|https://digital.lib.utk.edu/collections/islandora/object/mugwump%3A3454/datastream/TN/view|preview|1967- C. G. Maynatt and others.|University of Tennessee (Knoxville campus)|Publications by students|The University of Tennessee Libraries, Knoxville|1931-01|    |The University of Tennessee Libraries, Special Collections, Knoxville|original|American wit and humor -- Periodicals.|Mugwump|3.5|http://www.loc.gov/mods/v3|http://www.w3.org/1999/xlink|http://www.w3.org/2001/XMLSchema-instance|http://www.loc.gov/mods/v3 http://www.loc.gov/standards/mods/v3/mods-3-5.xsd|The copyright interests in this collection remain with the creator. For more information, contact Special Collections at special@utk.edu.|text
2018-11-28T19:02:36Z|mugwump_3491|mugwump|text|dct|mugwump_vol11-iss3|local|Eng|text|https://digital.lib.utk.edu/collections/islandora/object/mugwump%3A3491|object in context|primary display|https://digital.lib.utk.edu/collections/islandora/object/mugwump%3A3491/datastream/TN/view|preview|1966- C. G. Maynatt and others.|University of Tennessee (Knoxville campus)|Publications by students|The University of Tennessee Libraries, Knoxville|1930-12|    |The University of Tennessee Libraries, Special Collections, Knoxville|original|American wit and humor -- Periodicals.|Mugwump|3.5|http://www.loc.gov/mods/v3|http://www.w3.org/1999/xlink|http://www.w3.org/2001/XMLSchema-instance|http://www.loc.gov/mods/v3 http://www.loc.gov/standards/mods/v3/mods-3-5.xsd|The copyright interests in this collection remain with the creator. For more information, contact Special Collections at special@utk.edu.|text
2018-11-28T19:02:36Z|mugwump_3532|mugwump|text|dct|mugwump_vol12-iss8|local|Eng|text|https://digital.lib.utk.edu/collections/islandora/object/mugwump%3A3532|object in context|primary display|https://digital.lib.utk.edu/collections/islandora/object/mugwump%3A3532/datastream/TN/view|preview|1979- C. G. Maynatt and others.|University of Tennessee (Knoxville campus)|Publications by students|The University of Tennessee Libraries, Knoxville|1932-05|    |The University of Tennessee Libraries, Special Collections, Knoxville|original|American wit and humor -- Periodicals.|Mugwump|3.5|http://www.loc.gov/mods/v3|http://www.w3.org/1999/xlink|http://www.w3.org/2001/XMLSchema-instance|http://www.loc.gov/mods/v3 http://www.loc.gov/standards/mods/v3/mods-3-5.xsd|The copyright interests in this collection remain with the creator. For more information, contact Special Collections at special@utk.edu.|text
2018-11-28T19:02:36Z|mugwump_3581|mugwump|text|dct|mugwump_vol12-iss7|local|Eng|text|https://digital.lib.utk.edu/collections/islandora/object/mugwump%3A3581|object in context|primary display|https://digital.lib.utk.edu/collections/islandora/object/mugwump%3A3581/datastream/TN/view|preview|1978- C. G. Maynatt and others.|University of Tennessee (Knoxville campus)|Publications by students|The University of Tennessee Libraries, Knoxville|1932-04|    |The University of Tennessee Libraries, Special Collections, Knoxville|original|American wit and humor -- Periodicals.|Mugwump|3.5|http://www.loc.gov/mods/v3|http://www.w3.org/1999/xlink|http://www.w3.org/2001/XMLSchema-instance|http://www.loc.gov/mods/v3 http://www.loc.gov/standards/mods/v3/mods-3-5.xsd|The copyright interests in this collection remain with the creator. For more information, contact Special Collections at special@utk.edu.|text
2018-11-28T19:02:36Z|mugwump_3618|mugwump|text|dct|mugwump_vol12-iss6|local|Eng|text|https://digital.lib.utk.edu/collections/islandora/object/mugwump%3A3618|object in context|primary display|https://digital.lib.utk.edu/collections/islandora/object/mugwump%3A3618/datastream/TN/view|preview|1977- C. G. Maynatt and others.|University of Tennessee (Knoxville campus)|Publications by students|The University of Tennessee Libraries, Knoxville|1932-03|    |The University of Tennessee Libraries, Special Collections, Knoxville|original|American wit and humor -- Periodicals.|Mugwump|3.5|http://www.loc.gov/mods/v3|http://www.w3.org/1999/xlink|http://www.w3.org/2001/XMLSchema-instance|http://www.loc.gov/mods/v3 http://www.loc.gov/standards/mods/v3/mods-3-5.xsd|The copyright interests in this collection remain with the creator. For more information, contact Special Collections at special@utk.edu.|text
2018-11-28T19:02:36Z|mugwump_3651|mugwump|text|dct|mugwump_vol12-iss5|local|Eng|text|https://digital.lib.utk.edu/collections/islandora/object/mugwump%3A3651|object in context|primary display|https://digital.lib.utk.edu/collections/islandora/object/mugwump%3A3651/datastream/TN/view|preview|1976- C. G. Maynatt and others.|University of Tennessee (Knoxville campus)|Publications by students|The University of Tennessee Libraries, Knoxville|1932-02|    |The University of Tennessee Libraries, Special Collections, Knoxville|original|American wit and humor -- Periodicals.|Mugwump|3.5|http://www.loc.gov/mods/v3|http://www.w3.org/1999/xlink|http://www.w3.org/2001/XMLSchema-instance|http://www.loc.gov/mods/v3 http://www.loc.gov/standards/mods/v3/mods-3-5.xsd|The copyright interests in this collection remain with the creator. For more information, contact Special Collections at special@utk.edu.|text
2018-11-28T19:02:36Z|mugwump_3684|mugwump|text|dct|mugwump_vol12-iss4|local|Eng|text|https://digital.lib.utk.edu/collections/islandora/object/mugwump%3A3684|object in context|primary display|https://digital.lib.utk.edu/collections/islandora/object/mugwump%3A3684/datastream/TN/view|preview|1975- C. G. Maynatt and others.|University of Tennessee (Knoxville campus)|Publications by students|The University of Tennessee Libraries, Knoxville|1932-01|    |The University of Tennessee Libraries, Special Collections, Knoxville|original|American wit and humor -- Periodicals.|Mugwump|3.5|http://www.loc.gov/mods/v3|http://www.w3.org/1999/xlink|http://www.w3.org/2001/XMLSchema-instance|http://www.loc.gov/mods/v3 http://www.loc.gov/standards/mods/v3/mods-3-5.xsd|The copyright interests in this collection remain with the creator. For more information, contact Special Collections at special@utk.edu.|text
2018-11-28T19:02:36Z|mugwump_3717|mugwump|text|dct|mugwump_vol12-iss3|local|Eng|text|https://digital.lib.utk.edu/collections/islandora/object/mugwump%3A3717|object in context|primary display|https://digital.lib.utk.edu/collections/islandora/object/mugwump%3A3717/datastream/TN/view|preview|1974- C. G. Maynatt and others.|University of Tennessee (Knoxville campus)|Publications by students|The University of Tennessee Libraries, Knoxville|1931-12|    |The University of Tennessee Libraries, Special Collections, Knoxville|original|American wit and humor -- Periodicals.|Mugwump|3.5|http://www.loc.gov/mods/v3|http://www.w3.org/1999/xlink|http://www.w3.org/2001/XMLSchema-instance|http://www.loc.gov/mods/v3 http://www.loc.gov/standards/mods/v3/mods-3-5.xsd|The copyright interests in this collection remain with the creator. For more information, contact Special Collections at special@utk.edu.|text
2018-11-28T19:02:36Z|mugwump_371|mugwump|text|dct|mugwump_vol2-iss3|local|Eng|text|https://digital.lib.utk.edu/collections/islandora/object/mugwump%3A371|object in context|primary display|https://digital.lib.utk.edu/collections/islandora/object/mugwump%3A371/datastream/TN/view|preview|1925- C. G. Maynatt and others.|University of Tennessee (Knoxville campus)|Publications by students|The University of Tennessee Libraries, Knoxville|1921-12|    |The University of Tennessee Libraries, Special Collections, Knoxville|original|American wit and humor -- Periodicals.|Mugwump|3.5|http://www.loc.gov/mods/v3|http://www.w3.org/1999/xlink|http://www.w3.org/2001/XMLSchema-instance|http://www.loc.gov/mods/v3 http://www.loc.gov/standards/mods/v3/mods-3-5.xsd|Public domain|text
2018-11-28T19:02:36Z|mugwump_3750|mugwump|text|dct|mugwump_vol12-iss2|local|Eng|text|https://digital.lib.utk.edu/collections/islandora/object/mugwump%3A3750|object in context|primary display|https://digital.lib.utk.edu/collections/islandora/object/mugwump%3A3750/datastream/TN/view|preview|1973- C. G. Maynatt and others.|University of Tennessee (Knoxville campus)|Publications by students|The University of Tennessee Libraries, Knoxville|1931-11|    |The University of Tennessee Libraries, Special Collections, Knoxville|original|American wit and humor -- Periodicals.|Mugwump|3.5|http://www.loc.gov/mods/v3|http://www.w3.org/1999/xlink|http://www.w3.org/2001/XMLSchema-instance|http://www.loc.gov/mods/v3 http://www.loc.gov/standards/mods/v3/mods-3-5.xsd|The copyright interests in this collection remain with the creator. For more information, contact Special Collections at special@utk.edu.|text
2018-11-28T19:02:36Z|mugwump_3783|mugwump|text|dct|mugwump_vol12-iss1|local|Eng|text|https://digital.lib.utk.edu/collections/islandora/object/mugwump%3A3783|object in context|primary display|https://digital.lib.utk.edu/collections/islandora/object/mugwump%3A3783/datastream/TN/view|preview|1972- C. G. Maynatt and others.|University of Tennessee (Knoxville campus)|Publications by students|The University of Tennessee Libraries, Knoxville|1931-10|    |The University of Tennessee Libraries, Special Collections, Knoxville|original|American wit and humor -- Periodicals.|Mugwump|3.5|http://www.loc.gov/mods/v3|http://www.w3.org/1999/xlink|http://www.w3.org/2001/XMLSchema-instance|http://www.loc.gov/mods/v3 http://www.loc.gov/standards/mods/v3/mods-3-5.xsd|The copyright interests in this collection remain with the creator. For more information, contact Special Collections at special@utk.edu.|text
2018-11-28T19:02:36Z|mugwump_38|mugwump|text|dct|mugwump_vol1-iss7|local|Eng|text|https://digital.lib.utk.edu/collections/islandora/object/mugwump%3A38|object in context|primary display|https://digital.lib.utk.edu/collections/islandora/object/mugwump%3A38/datastream/TN/view|preview|1923- C. G. Maynatt and others.|University of Tennessee (Knoxville campus)|Publications by students|The University of Tennessee Libraries, Knoxville|1921-04-28|    |The University of Tennessee Libraries, Special Collections, Knoxville|original|American wit and humor -- Periodicals.|Mugwump|3.5|http://www.loc.gov/mods/v3|http://www.w3.org/1999/xlink|http://www.w3.org/2001/XMLSchema-instance|http://www.loc.gov/mods/v3 http://www.loc.gov/standards/mods/v3/mods-3-5.xsd|Public domain|text
2018-11-28T19:02:36Z|mugwump_408|mugwump|text|dct|mugwump_vol2-iss2|local|Eng|text|https://digital.lib.utk.edu/collections/islandora/object/mugwump%3A408|object in context|primary display|https://digital.lib.utk.edu/collections/islandora/object/mugwump%3A408/datastream/TN/view|preview|1924- C. G. Maynatt and others.|University of Tennessee (Knoxville campus)|Publications by students|The University of Tennessee Libraries, Knoxville|1921-12-15|    |The University of Tennessee Libraries, Special Collections, Knoxville|original|American wit and humor -- Periodicals.|Mugwump|3.5|http://www.loc.gov/mods/v3|http://www.w3.org/1999/xlink|http://www.w3.org/2001/XMLSchema-instance|http://www.loc.gov/mods/v3 http://www.loc.gov/standards/mods/v3/mods-3-5.xsd|Public domain|text
2018-11-28T19:02:36Z|mugwump_445|mugwump|text|dct|mugwump_vol2-iss1|local|Eng|text|https://digital.lib.utk.edu/collections/islandora/object/mugwump%3A445|object in context|primary display|https://digital.lib.utk.edu/collections/islandora/object/mugwump%3A445/datastream/TN/view|preview|1930- C. G. Maynatt and others.|University of Tennessee (Knoxville campus)|Publications by students|The University of Tennessee Libraries, Knoxville|1921-10-15|    |The University of Tennessee Libraries, Special Collections, Knoxville|original|American wit and humor -- Periodicals.|Mugwump|3.5|http://www.loc.gov/mods/v3|http://www.w3.org/1999/xlink|http://www.w3.org/2001/XMLSchema-instance|http://www.loc.gov/mods/v3 http://www.loc.gov/standards/mods/v3/mods-3-5.xsd|Public domain|text
2018-11-28T19:02:36Z|mugwump_482|mugwump|text|dct|mugwump_vol3-iss8|local|Eng|text|https://digital.lib.utk.edu/collections/islandora/object/mugwump%3A482|object in context|primary display|https://digital.lib.utk.edu/collections/islandora/object/mugwump%3A482/datastream/TN/view|preview|1941- C. G. Maynatt and others.|University of Tennessee (Knoxville campus)|Publications by students|The University of Tennessee Libraries, Knoxville|1923-05|    |The University of Tennessee Libraries, Special Collections, Knoxville|original|American wit and humor -- Periodicals.|Mugwump|3.5|http://www.loc.gov/mods/v3|http://www.w3.org/1999/xlink|http://www.w3.org/2001/XMLSchema-instance|http://www.loc.gov/mods/v3 http://www.loc.gov/standards/mods/v3/mods-3-5.xsd|The copyright interests in this collection remain with the creator. For more information, contact Special Collections at special@utk.edu.|text
2018-11-28T19:02:36Z|mugwump_511|mugwump|text|dct|mugwump_vol3-iss7|local|Eng|text|https://digital.lib.utk.edu/collections/islandora/object/mugwump%3A511|object in context|primary display|https://digital.lib.utk.edu/collections/islandora/object/mugwump%3A511/datastream/TN/view|preview|1936- C. G. Maynatt and others.|University of Tennessee (Knoxville campus)|Publications by students|The University of Tennessee Libraries, Knoxville|1923-04|    |The University of Tennessee Libraries, Special Collections, Knoxville|original|American wit and humor -- Periodicals.|Mugwump|3.5|http://www.loc.gov/mods/v3|http://www.w3.org/1999/xlink|http://www.w3.org/2001/XMLSchema-instance|http://www.loc.gov/mods/v3 http://www.loc.gov/standards/mods/v3/mods-3-5.xsd|The copyright interests in this collection remain with the creator. For more information, contact Special Collections at special@utk.edu.|text
2018-11-28T19:02:36Z|mugwump_540|mugwump|text|dct|mugwump_vol3-iss6|local|Eng|text|https://digital.lib.utk.edu/collections/islandora/object/mugwump%3A540|object in context|primary display|https://digital.lib.utk.edu/collections/islandora/object/mugwump%3A540/datastream/TN/view|preview|1940- C. G. Maynatt and others.|University of Tennessee (Knoxville campus)|Publications by students|The University of Tennessee Libraries, Knoxville|1923-03|    |The University of Tennessee Libraries, Special Collections, Knoxville|original|American wit and humor -- Periodicals.|Mugwump|3.5|http://www.loc.gov/mods/v3|http://www.w3.org/1999/xlink|http://www.w3.org/2001/XMLSchema-instance|http://www.loc.gov/mods/v3 http://www.loc.gov/standards/mods/v3/mods-3-5.xsd|The copyright interests in this collection remain with the creator. For more information, contact Special Collections at special@utk.edu.|text
2018-11-28T19:02:36Z|mugwump_569|mugwump|text|dct|mugwump_vol3-iss5|local|Eng|text|https://digital.lib.utk.edu/collections/islandora/object/mugwump%3A569|object in context|primary display|https://digital.lib.utk.edu/collections/islandora/object/mugwump%3A569/datastream/TN/view|preview|1938- C. G. Maynatt and others.|University of Tennessee (Knoxville campus)|Publications by students|The University of Tennessee Libraries, Knoxville|1923-02|    |The University of Tennessee Libraries, Special Collections, Knoxville|original|American wit and humor -- Periodicals.|Mugwump|3.5|http://www.loc.gov/mods/v3|http://www.w3.org/1999/xlink|http://www.w3.org/2001/XMLSchema-instance|http://www.loc.gov/mods/v3 http://www.loc.gov/standards/mods/v3/mods-3-5.xsd|The copyright interests in this collection remain with the creator. For more information, contact Special Collections at special@utk.edu.|text
2018-11-28T19:02:36Z|mugwump_598|mugwump|text|dct|mugwump_vol3-iss4|local|Eng|text|https://digital.lib.utk.edu/collections/islandora/object/mugwump%3A598|object in context|primary display|https://digital.lib.utk.edu/collections/islandora/object/mugwump%3A598/datastream/TN/view|preview|1939- C. G. Maynatt and others.|University of Tennessee (Knoxville campus)|Publications by students|The University of Tennessee Libraries, Knoxville|1923-01|    |The University of Tennessee Libraries, Special Collections, Knoxville|original|American wit and humor -- Periodicals.|Mugwump|3.5|http://www.loc.gov/mods/v3|http://www.w3.org/1999/xlink|http://www.w3.org/2001/XMLSchema-instance|http://www.loc.gov/mods/v3 http://www.loc.gov/standards/mods/v3/mods-3-5.xsd|The copyright interests in this collection remain with the creator. For more information, contact Special Collections at special@utk.edu.|text
2018-11-28T19:02:36Z|mugwump_627|mugwump|text|dct|mugwump_vol3-iss3|local|Eng|text|https://digital.lib.utk.edu/collections/islandora/object/mugwump%3A627|object in context|primary display|https://digital.lib.utk.edu/collections/islandora/object/mugwump%3A627/datastream/TN/view|preview|1931- C. G. Maynatt and others.|University of Tennessee (Knoxville campus)|Publications by students|The University of Tennessee Libraries, Knoxville|1922-12|    |The University of Tennessee Libraries, Special Collections, Knoxville|original|American wit and humor -- Periodicals.|Mugwump|3.5|http://www.loc.gov/mods/v3|http://www.w3.org/1999/xlink|http://www.w3.org/2001/XMLSchema-instance|http://www.loc.gov/mods/v3 http://www.loc.gov/standards/mods/v3/mods-3-5.xsd|Public domain|text
2018-11-28T19:02:36Z|mugwump_656|mugwump|text|dct|mugwump_vol3-iss2|local|Eng|text|https://digital.lib.utk.edu/collections/islandora/object/mugwump%3A656|object in context|primary display|https://digital.lib.utk.edu/collections/islandora/object/mugwump%3A656/datastream/TN/view|preview|1934- C. G. Maynatt and others.|University of Tennessee (Knoxville campus)|Publications by students|The University of Tennessee Libraries, Knoxville|1922-11|    |The University of Tennessee Libraries, Special Collections, Knoxville|original|American wit and humor -- Periodicals.|Mugwump|3.5|http://www.loc.gov/mods/v3|http://www.w3.org/1999/xlink|http://www.w3.org/2001/XMLSchema-instance|http://www.loc.gov/mods/v3 http://www.loc.gov/standards/mods/v3/mods-3-5.xsd|Public domain|text
2018-11-28T19:02:36Z|mugwump_689|mugwump|text|dct|mugwump_vol3-iss1|local|Eng|text|https://digital.lib.utk.edu/collections/islandora/object/mugwump%3A689|object in context|primary display|https://digital.lib.utk.edu/collections/islandora/object/mugwump%3A689/datastream/TN/view|preview|1935- C. G. Maynatt and others.|University of Tennessee (Knoxville campus)|Publications by students|The University of Tennessee Libraries, Knoxville|1922-10|    |The University of Tennessee Libraries, Special Collections, Knoxville|original|American wit and humor -- Periodicals.|Mugwump|3.5|http://www.loc.gov/mods/v3|http://www.w3.org/1999/xlink|http://www.w3.org/2001/XMLSchema-instance|http://www.loc.gov/mods/v3 http://www.loc.gov/standards/mods/v3/mods-3-5.xsd|Public domain|text
2018-11-28T19:02:36Z|mugwump_722|mugwump|text|dct|mugwump_vol4-iss8|local|Eng|text|https://digital.lib.utk.edu/collections/islandora/object/mugwump%3A722|object in context|primary display|https://digital.lib.utk.edu/collections/islandora/object/mugwump%3A722/datastream/TN/view|preview|1950- C. G. Maynatt and others.|University of Tennessee (Knoxville campus)|Publications by students|The University of Tennessee Libraries, Knoxville|1924-05|    |The University of Tennessee Libraries, Special Collections, Knoxville|original|American wit and humor -- Periodicals.|Mugwump|3.5|http://www.loc.gov/mods/v3|http://www.w3.org/1999/xlink|http://www.w3.org/2001/XMLSchema-instance|http://www.loc.gov/mods/v3 http://www.loc.gov/standards/mods/v3/mods-3-5.xsd|The copyright interests in this collection remain with the creator. For more information, contact Special Collections at special@utk.edu.|text
2018-11-28T19:02:36Z|mugwump_75|mugwump|text|dct|mugwump_vol1-iss6|local|Eng|text|https://digital.lib.utk.edu/collections/islandora/object/mugwump%3A75|object in context|primary display|https://digital.lib.utk.edu/collections/islandora/object/mugwump%3A75/datastream/TN/view|preview|1928- C. G. Maynatt and others.|University of Tennessee (Knoxville campus)|Publications by students|The University of Tennessee Libraries, Knoxville|1921-03-28|    |The University of Tennessee Libraries, Special Collections, Knoxville|original|American wit and humor -- Periodicals.|Mugwump|3.5|http://www.loc.gov/mods/v3|http://www.w3.org/1999/xlink|http://www.w3.org/2001/XMLSchema-instance|http://www.loc.gov/mods/v3 http://www.loc.gov/standards/mods/v3/mods-3-5.xsd|Public domain|text
2018-11-28T19:02:36Z|mugwump_765|mugwump|text|dct|mugwump_vol4-iss7|local|Eng|text|https://digital.lib.utk.edu/collections/islandora/object/mugwump%3A765|object in context|primary display|https://digital.lib.utk.edu/collections/islandora/object/mugwump%3A765/datastream/TN/view|preview|1944- C. G. Maynatt and others.|University of Tennessee (Knoxville campus)|Publications by students|The University of Tennessee Libraries, Knoxville|1924-04|    |The University of Tennessee Libraries, Special Collections, Knoxville|original|American wit and humor -- Periodicals.|Mugwump|3.5|http://www.loc.gov/mods/v3|http://www.w3.org/1999/xlink|http://www.w3.org/2001/XMLSchema-instance|http://www.loc.gov/mods/v3 http://www.loc.gov/standards/mods/v3/mods-3-5.xsd|The copyright interests in this collection remain with the creator. For more information, contact Special Collections at special@utk.edu.|text
2018-11-28T19:02:36Z|mugwump_802|mugwump|text|dct|mugwump_vol4-iss6|local|Eng|text|https://digital.lib.utk.edu/collections/islandora/object/mugwump%3A802|object in context|primary display|https://digital.lib.utk.edu/collections/islandora/object/mugwump%3A802/datastream/TN/view|preview|1949- C. G. Maynatt and others.|University of Tennessee (Knoxville campus)|Publications by students|The University of Tennessee Libraries, Knoxville|1924-03|    |The University of Tennessee Libraries, Special Collections, Knoxville|original|American wit and humor -- Periodicals.|Mugwump|3.5|http://www.loc.gov/mods/v3|http://www.w3.org/1999/xlink|http://www.w3.org/2001/XMLSchema-instance|http://www.loc.gov/mods/v3 http://www.loc.gov/standards/mods/v3/mods-3-5.xsd|The copyright interests in this collection remain with the creator. For more information, contact Special Collections at special@utk.edu.|text
2018-11-28T19:02:36Z|mugwump_837|mugwump|text|dct|mugwump_vol4-iss5|local|Eng|text|https://digital.lib.utk.edu/collections/islandora/object/mugwump%3A837|object in context|primary display|https://digital.lib.utk.edu/collections/islandora/object/mugwump%3A837/datastream/TN/view|preview|1945- C. G. Maynatt and others.|University of Tennessee (Knoxville campus)|Publications by students|The University of Tennessee Libraries, Knoxville|1924-02|    |The University of Tennessee Libraries, Special Collections, Knoxville|original|American wit and humor -- Periodicals.|Mugwump|3.5|http://www.loc.gov/mods/v3|http://www.w3.org/1999/xlink|http://www.w3.org/2001/XMLSchema-instance|http://www.loc.gov/mods/v3 http://www.loc.gov/standards/mods/v3/mods-3-5.xsd|The copyright interests in this collection remain with the creator. For more information, contact Special Collections at special@utk.edu.|text
2018-11-28T19:02:36Z|mugwump_866|mugwump|text|dct|mugwump_vol4-iss4|local|Eng|text|https://digital.lib.utk.edu/collections/islandora/object/mugwump%3A866|object in context|primary display|https://digital.lib.utk.edu/collections/islandora/object/mugwump%3A866/datastream/TN/view|preview|1948- C. G. Maynatt and others.|University of Tennessee (Knoxville campus)|Publications by students|The University of Tennessee Libraries, Knoxville|1924-01|    |The University of Tennessee Libraries, Special Collections, Knoxville|original|American wit and humor -- Periodicals.|Mugwump|3.5|http://www.loc.gov/mods/v3|http://www.w3.org/1999/xlink|http://www.w3.org/2001/XMLSchema-instance|http://www.loc.gov/mods/v3 http://www.loc.gov/standards/mods/v3/mods-3-5.xsd|The copyright interests in this collection remain with the creator. For more information, contact Special Collections at special@utk.edu.|text
2018-11-28T19:02:36Z|mugwump_897|mugwump|text|dct|mugwump_vol4-iss3|local|Eng|text|https://digital.lib.utk.edu/collections/islandora/object/mugwump%3A897|object in context|primary display|https://digital.lib.utk.edu/collections/islandora/object/mugwump%3A897/datastream/TN/view|preview|1937- C. G. Maynatt and others.|University of Tennessee (Knoxville campus)|Publications by students|The University of Tennessee Libraries, Knoxville|1923-12|    |The University of Tennessee Libraries, Special Collections, Knoxville|original|American wit and humor -- Periodicals.|Mugwump|3.5|http://www.loc.gov/mods/v3|http://www.w3.org/1999/xlink|http://www.w3.org/2001/XMLSchema-instance|http://www.loc.gov/mods/v3 http://www.loc.gov/standards/mods/v3/mods-3-5.xsd|The copyright interests in this collection remain with the creator. For more information, contact Special Collections at special@utk.edu.|text
2018-11-28T19:02:36Z|mugwump_930|mugwump|text|dct|mugwump_vol4-iss2|local|Eng|text|https://digital.lib.utk.edu/collections/islandora/object/mugwump%3A930|object in context|primary display|https://digital.lib.utk.edu/collections/islandora/object/mugwump%3A930/datastream/TN/view|preview|1942- C. G. Maynatt and others.|University of Tennessee (Knoxville campus)|Publications by students|The University of Tennessee Libraries, Knoxville|1923-11|    |The University of Tennessee Libraries, Special Collections, Knoxville|original|American wit and humor -- Periodicals.|Mugwump|3.5|http://www.loc.gov/mods/v3|http://www.w3.org/1999/xlink|http://www.w3.org/2001/XMLSchema-instance|http://www.loc.gov/mods/v3 http://www.loc.gov/standards/mods/v3/mods-3-5.xsd|The copyright interests in this collection remain with the creator. For more information, contact Special Collections at special@utk.edu.|text
2018-11-28T19:02:36Z|mugwump_963|mugwump|text|dct|mugwump_vol4-iss1|local|Eng|text|https://digital.lib.utk.edu/collections/islandora/object/mugwump%3A963|object in context|primary display|https://digital.lib.utk.edu/collections/islandora/object/mugwump%3A963/datastream/TN/view|preview|1943- C. G. Maynatt and others.|University of Tennessee (Knoxville campus)|Publications by students|The University of Tennessee Libraries, Knoxville|1923-10|    |The University of Tennessee Libraries, Special Collections, Knoxville|original|American wit and humor -- Periodicals.|Mugwump|3.5|http://www.loc.gov/mods/v3|http://www.w3.org/1999/xlink|http://www.w3.org/2001/XMLSchema-instance|http://www.loc.gov/mods/v3 http://www.loc.gov/standards/mods/v3/mods-3-5.xsd|The copyright interests in this collection remain with the creator. For more information, contact Special Collections at special@utk.edu.|text
2018-11-28T19:02:36Z|mugwump_996|mugwump|text|dct|mugwump_vol5-iss8|local|Eng|text|https://digital.lib.utk.edu/collections/islandora/object/mugwump%3A996|object in context|primary display|https://digital.lib.utk.edu/collections/islandora/object/mugwump%3A996/datastream/TN/view|preview|1951- C. G. Maynatt and others.|University of Tennessee (Knoxville campus)|Publications by students|The University of Tennessee Libraries, Knoxville|1925-06|    |The University of Tennessee Libraries, Special Collections, Knoxville|original|American wit and humor -- Periodicals.|Mugwump|3.5|http://www.loc.gov/mods/v3|http://www.w3.org/1999/xlink|http://www.w3.org/2001/XMLSchema-instance|http://www.loc.gov/mods/v3 http://www.loc.gov/standards/mods/v3/mods-3-5.xsd|The copyright interests in this collection remain with the creator. For more information, contact Special Collections at special@utk.edu.|text
